id,left,top,right,bottom,row_index,col_index,1
1,88.203235950000007,22.607227019000000,88.213235950000012,22.617227019000001,0,0,
2,88.203235950000007,22.597227019000002,88.213235950000012,22.607227019000000,1,0,
3,88.203235950000007,22.587227019000000,88.213235950000012,22.597227019000002,2,0,
4,88.203235950000007,22.577227018999999,88.213235950000012,22.587227019000000,3,0,
5,88.203235950000007,22.567227019000001,88.213235950000012,22.577227019000006,4,0,
6,88.203235950000007,22.557227018999999,88.213235950000012,22.567227019000001,5,0,
7,88.203235950000007,22.547227019000001,88.213235950000012,22.557227019000003,6,0,
8,88.203235950000007,22.537227018999999,88.213235950000012,22.547227019000001,7,0,
9,88.203235950000007,22.527227019000001,88.213235950000012,22.537227019000003,8,0,
10,88.203235950000007,22.517227019000000,88.213235950000012,22.527227019000001,9,0,
11,88.203235950000007,22.507227018999998,88.213235950000012,22.517227019000000,10,0,
12,88.203235950000007,22.497227019000000,88.213235950000012,22.507227018999998,11,0,
13,88.203235950000007,22.487227018999999,88.213235950000012,22.497227019000000,12,0,
14,88.203235950000007,22.477227019000001,88.213235950000012,22.487227019000002,13,0,
15,88.203235950000007,22.467227018999999,88.213235950000012,22.477227019000001,14,0,
16,88.203235950000007,22.457227019000001,88.213235950000012,22.467227019000003,15,0,
17,88.203235950000007,22.447227019000000,88.213235950000012,22.457227019000001,16,0,
18,88.203235950000007,22.437227019000002,88.213235950000012,22.447227019000000,17,0,
19,88.203235950000007,22.427227019000000,88.213235950000012,22.437227019000002,18,0,
20,88.203235950000007,22.417227018999998,88.213235950000012,22.427227019000000,19,0,
21,88.203235950000007,22.407227019000000,88.213235950000012,22.417227019000006,20,0,
22,88.203235950000007,22.397227018999999,88.213235950000012,22.407227019000000,21,0,
23,88.203235950000007,22.387227019000001,88.213235950000012,22.397227019000002,22,0,
24,88.203235950000007,22.377227018999999,88.213235950000012,22.387227019000001,23,0,
25,88.213235950000012,22.607227019000000,88.223235950000017,22.617227019000001,0,1,
26,88.213235950000012,22.597227019000002,88.223235950000017,22.607227019000000,1,1,
27,88.213235950000012,22.587227019000000,88.223235950000017,22.597227019000002,2,1,
28,88.213235950000012,22.577227018999999,88.223235950000017,22.587227019000000,3,1,
29,88.213235950000012,22.567227019000001,88.223235950000017,22.577227019000006,4,1,
30,88.213235950000012,22.557227018999999,88.223235950000017,22.567227019000001,5,1,
31,88.213235950000012,22.547227019000001,88.223235950000017,22.557227019000003,6,1,
32,88.213235950000012,22.537227018999999,88.223235950000017,22.547227019000001,7,1,
33,88.213235950000012,22.527227019000001,88.223235950000017,22.537227019000003,8,1,
34,88.213235950000012,22.517227019000000,88.223235950000017,22.527227019000001,9,1,
35,88.213235950000012,22.507227018999998,88.223235950000017,22.517227019000000,10,1,
36,88.213235950000012,22.497227019000000,88.223235950000017,22.507227018999998,11,1,
37,88.213235950000012,22.487227018999999,88.223235950000017,22.497227019000000,12,1,
38,88.213235950000012,22.477227019000001,88.223235950000017,22.487227019000002,13,1,
39,88.213235950000012,22.467227018999999,88.223235950000017,22.477227019000001,14,1,
40,88.213235950000012,22.457227019000001,88.223235950000017,22.467227019000003,15,1,
41,88.213235950000012,22.447227019000000,88.223235950000017,22.457227019000001,16,1,
42,88.213235950000012,22.437227019000002,88.223235950000017,22.447227019000000,17,1,
43,88.213235950000012,22.427227019000000,88.223235950000017,22.437227019000002,18,1,
44,88.213235950000012,22.417227018999998,88.223235950000017,22.427227019000000,19,1,
45,88.213235950000012,22.407227019000000,88.223235950000017,22.417227019000006,20,1,
46,88.213235950000012,22.397227018999999,88.223235950000017,22.407227019000000,21,1,
47,88.213235950000012,22.387227019000001,88.223235950000017,22.397227019000002,22,1,
48,88.213235950000012,22.377227018999999,88.223235950000017,22.387227019000001,23,1,
49,88.223235950000003,22.607227019000000,88.233235950000022,22.617227019000001,0,2,
50,88.223235950000003,22.597227019000002,88.233235950000022,22.607227019000000,1,2,
51,88.223235950000003,22.587227019000000,88.233235950000022,22.597227019000002,2,2,
52,88.223235950000003,22.577227018999999,88.233235950000022,22.587227019000000,3,2,
53,88.223235950000003,22.567227019000001,88.233235950000022,22.577227019000006,4,2,
54,88.223235950000003,22.557227018999999,88.233235950000022,22.567227019000001,5,2,
55,88.223235950000003,22.547227019000001,88.233235950000022,22.557227019000003,6,2,
56,88.223235950000003,22.537227018999999,88.233235950000022,22.547227019000001,7,2,
57,88.223235950000003,22.527227019000001,88.233235950000022,22.537227019000003,8,2,
58,88.223235950000003,22.517227019000000,88.233235950000022,22.527227019000001,9,2,
59,88.223235950000003,22.507227018999998,88.233235950000022,22.517227019000000,10,2,
60,88.223235950000003,22.497227019000000,88.233235950000022,22.507227018999998,11,2,
61,88.223235950000003,22.487227018999999,88.233235950000022,22.497227019000000,12,2,
62,88.223235950000003,22.477227019000001,88.233235950000022,22.487227019000002,13,2,
63,88.223235950000003,22.467227018999999,88.233235950000022,22.477227019000001,14,2,
64,88.223235950000003,22.457227019000001,88.233235950000022,22.467227019000003,15,2,
65,88.223235950000003,22.447227019000000,88.233235950000022,22.457227019000001,16,2,
66,88.223235950000003,22.437227019000002,88.233235950000022,22.447227019000000,17,2,
67,88.223235950000003,22.427227019000000,88.233235950000022,22.437227019000002,18,2,
68,88.223235950000003,22.417227018999998,88.233235950000022,22.427227019000000,19,2,
69,88.223235950000003,22.407227019000000,88.233235950000022,22.417227019000006,20,2,
70,88.223235950000003,22.397227018999999,88.233235950000022,22.407227019000000,21,2,
71,88.223235950000003,22.387227019000001,88.233235950000022,22.397227019000002,22,2,
72,88.223235950000003,22.377227018999999,88.233235950000022,22.387227019000001,23,2,
73,88.233235950000022,22.607227019000000,88.243235950000013,22.617227019000001,0,3,
74,88.233235950000022,22.597227019000002,88.243235950000013,22.607227019000000,1,3,
75,88.233235950000022,22.587227019000000,88.243235950000013,22.597227019000002,2,3,
76,88.233235950000022,22.577227018999999,88.243235950000013,22.587227019000000,3,3,
77,88.233235950000022,22.567227019000001,88.243235950000013,22.577227019000006,4,3,
78,88.233235950000022,22.557227018999999,88.243235950000013,22.567227019000001,5,3,
79,88.233235950000022,22.547227019000001,88.243235950000013,22.557227019000003,6,3,
80,88.233235950000022,22.537227018999999,88.243235950000013,22.547227019000001,7,3,
81,88.233235950000022,22.527227019000001,88.243235950000013,22.537227019000003,8,3,
82,88.233235950000022,22.517227019000000,88.243235950000013,22.527227019000001,9,3,
83,88.233235950000022,22.507227018999998,88.243235950000013,22.517227019000000,10,3,
84,88.233235950000022,22.497227019000000,88.243235950000013,22.507227018999998,11,3,
85,88.233235950000022,22.487227018999999,88.243235950000013,22.497227019000000,12,3,
86,88.233235950000022,22.477227019000001,88.243235950000013,22.487227019000002,13,3,
87,88.233235950000022,22.467227018999999,88.243235950000013,22.477227019000001,14,3,
88,88.233235950000022,22.457227019000001,88.243235950000013,22.467227019000003,15,3,
89,88.233235950000022,22.447227019000000,88.243235950000013,22.457227019000001,16,3,
90,88.233235950000022,22.437227019000002,88.243235950000013,22.447227019000000,17,3,
91,88.233235950000022,22.427227019000000,88.243235950000013,22.437227019000002,18,3,
92,88.233235950000022,22.417227018999998,88.243235950000013,22.427227019000000,19,3,
93,88.233235950000022,22.407227019000000,88.243235950000013,22.417227019000006,20,3,
94,88.233235950000022,22.397227018999999,88.243235950000013,22.407227019000000,21,3,
95,88.233235950000022,22.387227019000001,88.243235950000013,22.397227019000002,22,3,
96,88.233235950000022,22.377227018999999,88.243235950000013,22.387227019000001,23,3,
97,88.243235950000013,22.607227019000000,88.253235950000018,22.617227019000001,0,4,
98,88.243235950000013,22.597227019000002,88.253235950000018,22.607227019000000,1,4,
99,88.243235950000013,22.587227019000000,88.253235950000018,22.597227019000002,2,4,
100,88.243235950000013,22.577227018999999,88.253235950000018,22.587227019000000,3,4,
101,88.243235950000013,22.567227019000001,88.253235950000018,22.577227019000006,4,4,
102,88.243235950000013,22.557227018999999,88.253235950000018,22.567227019000001,5,4,
103,88.243235950000013,22.547227019000001,88.253235950000018,22.557227019000003,6,4,
104,88.243235950000013,22.537227018999999,88.253235950000018,22.547227019000001,7,4,
105,88.243235950000013,22.527227019000001,88.253235950000018,22.537227019000003,8,4,
106,88.243235950000013,22.517227019000000,88.253235950000018,22.527227019000001,9,4,
107,88.243235950000013,22.507227018999998,88.253235950000018,22.517227019000000,10,4,
108,88.243235950000013,22.497227019000000,88.253235950000018,22.507227018999998,11,4,
109,88.243235950000013,22.487227018999999,88.253235950000018,22.497227019000000,12,4,
110,88.243235950000013,22.477227019000001,88.253235950000018,22.487227019000002,13,4,
111,88.243235950000013,22.467227018999999,88.253235950000018,22.477227019000001,14,4,
112,88.243235950000013,22.457227019000001,88.253235950000018,22.467227019000003,15,4,
113,88.243235950000013,22.447227019000000,88.253235950000018,22.457227019000001,16,4,
114,88.243235950000013,22.437227019000002,88.253235950000018,22.447227019000000,17,4,
115,88.243235950000013,22.427227019000000,88.253235950000018,22.437227019000002,18,4,
116,88.243235950000013,22.417227018999998,88.253235950000018,22.427227019000000,19,4,
117,88.243235950000013,22.407227019000000,88.253235950000018,22.417227019000006,20,4,
118,88.243235950000013,22.397227018999999,88.253235950000018,22.407227019000000,21,4,
119,88.243235950000013,22.387227019000001,88.253235950000018,22.397227019000002,22,4,
120,88.243235950000013,22.377227018999999,88.253235950000018,22.387227019000001,23,4,
121,88.253235950000004,22.607227019000000,88.263235950000009,22.617227019000001,0,5,
122,88.253235950000004,22.597227019000002,88.263235950000009,22.607227019000000,1,5,15149.500000000000000
123,88.253235950000004,22.587227019000000,88.263235950000009,22.597227019000002,2,5,15134.000000000000000
124,88.253235950000004,22.577227018999999,88.263235950000009,22.587227019000000,3,5,15119.000000000000000
125,88.253235950000004,22.567227019000001,88.263235950000009,22.577227019000006,4,5,15091.500000000000000
126,88.253235950000004,22.557227018999999,88.263235950000009,22.567227019000001,5,5,15084.000000000000000
127,88.253235950000004,22.547227019000001,88.263235950000009,22.557227019000003,6,5,15081.000000000000000
128,88.253235950000004,22.537227018999999,88.263235950000009,22.547227019000001,7,5,15119.000000000000000
129,88.253235950000004,22.527227019000001,88.263235950000009,22.537227019000003,8,5,15093.000000000000000
130,88.253235950000004,22.517227019000000,88.263235950000009,22.527227019000001,9,5,15074.000000000000000
131,88.253235950000004,22.507227018999998,88.263235950000009,22.517227019000000,10,5,15080.000000000000000
132,88.253235950000004,22.497227019000000,88.263235950000009,22.507227018999998,11,5,15108.000000000000000
133,88.253235950000004,22.487227018999999,88.263235950000009,22.497227019000000,12,5,15089.500000000000000
134,88.253235950000004,22.477227019000001,88.263235950000009,22.487227019000002,13,5,15066.500000000000000
135,88.253235950000004,22.467227018999999,88.263235950000009,22.477227019000001,14,5,15059.500000000000000
136,88.253235950000004,22.457227019000001,88.263235950000009,22.467227019000003,15,5,15055.500000000000000
137,88.253235950000004,22.447227019000000,88.263235950000009,22.457227019000001,16,5,15052.500000000000000
138,88.253235950000004,22.437227019000002,88.263235950000009,22.447227019000000,17,5,15053.000000000000000
139,88.253235950000004,22.427227019000000,88.263235950000009,22.437227019000002,18,5,15051.000000000000000
140,88.253235950000004,22.417227018999998,88.263235950000009,22.427227019000000,19,5,15048.000000000000000
141,88.253235950000004,22.407227019000000,88.263235950000009,22.417227019000006,20,5,15054.500000000000000
142,88.253235950000004,22.397227018999999,88.263235950000009,22.407227019000000,21,5,15059.000000000000000
143,88.253235950000004,22.387227019000001,88.263235950000009,22.397227019000002,22,5,15021.000000000000000
144,88.253235950000004,22.377227018999999,88.263235950000009,22.387227019000001,23,5,15027.500000000000000
145,88.263235950000009,22.607227019000000,88.273235950000014,22.617227019000001,0,6,
146,88.263235950000009,22.597227019000002,88.273235950000014,22.607227019000000,1,6,15136.500000000000000
147,88.263235950000009,22.587227019000000,88.273235950000014,22.597227019000002,2,6,15127.500000000000000
148,88.263235950000009,22.577227018999999,88.273235950000014,22.587227019000000,3,6,15119.500000000000000
149,88.263235950000009,22.567227019000001,88.273235950000014,22.577227019000006,4,6,15113.000000000000000
150,88.263235950000009,22.557227018999999,88.273235950000014,22.567227019000001,5,6,15113.000000000000000
151,88.263235950000009,22.547227019000001,88.273235950000014,22.557227019000003,6,6,15140.500000000000000
152,88.263235950000009,22.537227018999999,88.273235950000014,22.547227019000001,7,6,15136.000000000000000
153,88.263235950000009,22.527227019000001,88.273235950000014,22.537227019000003,8,6,15119.500000000000000
154,88.263235950000009,22.517227019000000,88.273235950000014,22.527227019000001,9,6,15084.500000000000000
155,88.263235950000009,22.507227018999998,88.273235950000014,22.517227019000000,10,6,15122.000000000000000
156,88.263235950000009,22.497227019000000,88.273235950000014,22.507227018999998,11,6,15108.500000000000000
157,88.263235950000009,22.487227018999999,88.273235950000014,22.497227019000000,12,6,15096.500000000000000
158,88.263235950000009,22.477227019000001,88.273235950000014,22.487227019000002,13,6,15070.000000000000000
159,88.263235950000009,22.467227018999999,88.273235950000014,22.477227019000001,14,6,15054.000000000000000
160,88.263235950000009,22.457227019000001,88.273235950000014,22.467227019000003,15,6,15056.500000000000000
161,88.263235950000009,22.447227019000000,88.273235950000014,22.457227019000001,16,6,15060.500000000000000
162,88.263235950000009,22.437227019000002,88.273235950000014,22.447227019000000,17,6,15052.000000000000000
163,88.263235950000009,22.427227019000000,88.273235950000014,22.437227019000002,18,6,15054.500000000000000
164,88.263235950000009,22.417227018999998,88.273235950000014,22.427227019000000,19,6,15069.000000000000000
165,88.263235950000009,22.407227019000000,88.273235950000014,22.417227019000006,20,6,15060.500000000000000
166,88.263235950000009,22.397227018999999,88.273235950000014,22.407227019000000,21,6,15058.500000000000000
167,88.263235950000009,22.387227019000001,88.273235950000014,22.397227019000002,22,6,15064.500000000000000
168,88.263235950000009,22.377227018999999,88.273235950000014,22.387227019000001,23,6,15039.500000000000000
169,88.273235950000000,22.607227019000000,88.283235950000005,22.617227019000001,0,7,
170,88.273235950000000,22.597227019000002,88.283235950000005,22.607227019000000,1,7,15135.000000000000000
171,88.273235950000000,22.587227019000000,88.283235950000005,22.597227019000002,2,7,15154.500000000000000
172,88.273235950000000,22.577227018999999,88.283235950000005,22.587227019000000,3,7,15139.000000000000000
173,88.273235950000000,22.567227019000001,88.283235950000005,22.577227019000006,4,7,15130.000000000000000
174,88.273235950000000,22.557227018999999,88.283235950000005,22.567227019000001,5,7,15125.500000000000000
175,88.273235950000000,22.547227019000001,88.283235950000005,22.557227019000003,6,7,15175.500000000000000
176,88.273235950000000,22.537227018999999,88.283235950000005,22.547227019000001,7,7,15159.500000000000000
177,88.273235950000000,22.527227019000001,88.283235950000005,22.537227019000003,8,7,15132.500000000000000
178,88.273235950000000,22.517227019000000,88.283235950000005,22.527227019000001,9,7,15087.500000000000000
179,88.273235950000000,22.507227018999998,88.283235950000005,22.517227019000000,10,7,15052.000000000000000
180,88.273235950000000,22.497227019000000,88.283235950000005,22.507227018999998,11,7,15107.000000000000000
181,88.273235950000000,22.487227018999999,88.283235950000005,22.497227019000000,12,7,15116.000000000000000
182,88.273235950000000,22.477227019000001,88.283235950000005,22.487227019000002,13,7,15087.500000000000000
183,88.273235950000000,22.467227018999999,88.283235950000005,22.477227019000001,14,7,15071.000000000000000
184,88.273235950000000,22.457227019000001,88.283235950000005,22.467227019000003,15,7,15075.000000000000000
185,88.273235950000000,22.447227019000000,88.283235950000005,22.457227019000001,16,7,15074.000000000000000
186,88.273235950000000,22.437227019000002,88.283235950000005,22.447227019000000,17,7,15054.000000000000000
187,88.273235950000000,22.427227019000000,88.283235950000005,22.437227019000002,18,7,15068.500000000000000
188,88.273235950000000,22.417227018999998,88.283235950000005,22.427227019000000,19,7,15087.500000000000000
189,88.273235950000000,22.407227019000000,88.283235950000005,22.417227019000006,20,7,15073.000000000000000
190,88.273235950000000,22.397227018999999,88.283235950000005,22.407227019000000,21,7,15061.000000000000000
191,88.273235950000000,22.387227019000001,88.283235950000005,22.397227019000002,22,7,15049.500000000000000
192,88.273235950000000,22.377227018999999,88.283235950000005,22.387227019000001,23,7,15054.500000000000000
193,88.283235950000005,22.607227019000000,88.293235950000010,22.617227019000001,0,8,
194,88.283235950000005,22.597227019000002,88.293235950000010,22.607227019000000,1,8,15157.500000000000000
195,88.283235950000005,22.587227019000000,88.293235950000010,22.597227019000002,2,8,15165.000000000000000
196,88.283235950000005,22.577227018999999,88.293235950000010,22.587227019000000,3,8,15158.500000000000000
197,88.283235950000005,22.567227019000001,88.293235950000010,22.577227019000006,4,8,15149.500000000000000
198,88.283235950000005,22.557227018999999,88.293235950000010,22.567227019000001,5,8,15139.500000000000000
199,88.283235950000005,22.547227019000001,88.293235950000010,22.557227019000003,6,8,15184.000000000000000
200,88.283235950000005,22.537227018999999,88.293235950000010,22.547227019000001,7,8,15190.000000000000000
201,88.283235950000005,22.527227019000001,88.293235950000010,22.537227019000003,8,8,15141.500000000000000
202,88.283235950000005,22.517227019000000,88.293235950000010,22.527227019000001,9,8,15102.000000000000000
203,88.283235950000005,22.507227018999998,88.293235950000010,22.517227019000000,10,8,15071.000000000000000
204,88.283235950000005,22.497227019000000,88.293235950000010,22.507227018999998,11,8,15121.500000000000000
205,88.283235950000005,22.487227018999999,88.293235950000010,22.497227019000000,12,8,15157.500000000000000
206,88.283235950000005,22.477227019000001,88.293235950000010,22.487227019000002,13,8,15132.000000000000000
207,88.283235950000005,22.467227018999999,88.293235950000010,22.477227019000001,14,8,15107.500000000000000
208,88.283235950000005,22.457227019000001,88.293235950000010,22.467227019000003,15,8,15091.000000000000000
209,88.283235950000005,22.447227019000000,88.293235950000010,22.457227019000001,16,8,15091.000000000000000
210,88.283235950000005,22.437227019000002,88.293235950000010,22.447227019000000,17,8,15069.500000000000000
211,88.283235950000005,22.427227019000000,88.293235950000010,22.437227019000002,18,8,15077.000000000000000
212,88.283235950000005,22.417227018999998,88.293235950000010,22.427227019000000,19,8,15100.000000000000000
213,88.283235950000005,22.407227019000000,88.293235950000010,22.417227019000006,20,8,15084.500000000000000
214,88.283235950000005,22.397227018999999,88.293235950000010,22.407227019000000,21,8,15069.500000000000000
215,88.283235950000005,22.387227019000001,88.293235950000010,22.397227019000002,22,8,15049.000000000000000
216,88.283235950000005,22.377227018999999,88.293235950000010,22.387227019000001,23,8,15052.000000000000000
217,88.293235950000010,22.607227019000000,88.303235950000015,22.617227019000001,0,9,
218,88.293235950000010,22.597227019000002,88.303235950000015,22.607227019000000,1,9,15173.500000000000000
219,88.293235950000010,22.587227019000000,88.303235950000015,22.597227019000002,2,9,15170.000000000000000
220,88.293235950000010,22.577227018999999,88.303235950000015,22.587227019000000,3,9,15164.000000000000000
221,88.293235950000010,22.567227019000001,88.303235950000015,22.577227019000006,4,9,15151.000000000000000
222,88.293235950000010,22.557227018999999,88.303235950000015,22.567227019000001,5,9,15136.000000000000000
223,88.293235950000010,22.547227019000001,88.303235950000015,22.557227019000003,6,9,15186.000000000000000
224,88.293235950000010,22.537227018999999,88.303235950000015,22.547227019000001,7,9,15190.000000000000000
225,88.293235950000010,22.527227019000001,88.303235950000015,22.537227019000003,8,9,15185.000000000000000
226,88.293235950000010,22.517227019000000,88.303235950000015,22.527227019000001,9,9,15122.500000000000000
227,88.293235950000010,22.507227018999998,88.303235950000015,22.517227019000000,10,9,15125.000000000000000
228,88.293235950000010,22.497227019000000,88.303235950000015,22.507227018999998,11,9,15143.000000000000000
229,88.293235950000010,22.487227018999999,88.303235950000015,22.497227019000000,12,9,15171.500000000000000
230,88.293235950000010,22.477227019000001,88.303235950000015,22.487227019000002,13,9,15150.000000000000000
231,88.293235950000010,22.467227018999999,88.303235950000015,22.477227019000001,14,9,15126.500000000000000
232,88.293235950000010,22.457227019000001,88.303235950000015,22.467227019000003,15,9,15102.000000000000000
233,88.293235950000010,22.447227019000000,88.303235950000015,22.457227019000001,16,9,15102.000000000000000
234,88.293235950000010,22.437227019000002,88.303235950000015,22.447227019000000,17,9,15079.000000000000000
235,88.293235950000010,22.427227019000000,88.303235950000015,22.437227019000002,18,9,15077.500000000000000
236,88.293235950000010,22.417227018999998,88.303235950000015,22.427227019000000,19,9,15078.500000000000000
237,88.293235950000010,22.407227019000000,88.303235950000015,22.417227019000006,20,9,15077.000000000000000
238,88.293235950000010,22.397227018999999,88.303235950000015,22.407227019000000,21,9,15061.000000000000000
239,88.293235950000010,22.387227019000001,88.303235950000015,22.397227019000002,22,9,15046.000000000000000
240,88.293235950000010,22.377227018999999,88.303235950000015,22.387227019000001,23,9,15046.500000000000000
241,88.303235950000001,22.607227019000000,88.313235950000006,22.617227019000001,0,10,
242,88.303235950000001,22.597227019000002,88.313235950000006,22.607227019000000,1,10,15190.000000000000000
243,88.303235950000001,22.587227019000000,88.313235950000006,22.597227019000002,2,10,15199.500000000000000
244,88.303235950000001,22.577227018999999,88.313235950000006,22.587227019000000,3,10,15167.500000000000000
245,88.303235950000001,22.567227019000001,88.313235950000006,22.577227019000006,4,10,15175.000000000000000
246,88.303235950000001,22.557227018999999,88.313235950000006,22.567227019000001,5,10,15167.000000000000000
247,88.303235950000001,22.547227019000001,88.313235950000006,22.557227019000003,6,10,15193.500000000000000
248,88.303235950000001,22.537227018999999,88.313235950000006,22.547227019000001,7,10,15234.000000000000000
249,88.303235950000001,22.527227019000001,88.313235950000006,22.537227019000003,8,10,15251.000000000000000
250,88.303235950000001,22.517227019000000,88.313235950000006,22.527227019000001,9,10,15169.000000000000000
251,88.303235950000001,22.507227018999998,88.313235950000006,22.517227019000000,10,10,15152.000000000000000
252,88.303235950000001,22.497227019000000,88.313235950000006,22.507227018999998,11,10,15178.500000000000000
253,88.303235950000001,22.487227018999999,88.313235950000006,22.497227019000000,12,10,15198.500000000000000
254,88.303235950000001,22.477227019000001,88.313235950000006,22.487227019000002,13,10,15188.500000000000000
255,88.303235950000001,22.467227018999999,88.313235950000006,22.477227019000001,14,10,15176.500000000000000
256,88.303235950000001,22.457227019000001,88.313235950000006,22.467227019000003,15,10,15105.500000000000000
257,88.303235950000001,22.447227019000000,88.313235950000006,22.457227019000001,16,10,15114.000000000000000
258,88.303235950000001,22.437227019000002,88.313235950000006,22.447227019000000,17,10,15101.500000000000000
259,88.303235950000001,22.427227019000000,88.313235950000006,22.437227019000002,18,10,15080.000000000000000
260,88.303235950000001,22.417227018999998,88.313235950000006,22.427227019000000,19,10,15069.500000000000000
261,88.303235950000001,22.407227019000000,88.313235950000006,22.417227019000006,20,10,15064.000000000000000
262,88.303235950000001,22.397227018999999,88.313235950000006,22.407227019000000,21,10,15055.000000000000000
263,88.303235950000001,22.387227019000001,88.313235950000006,22.397227019000002,22,10,15038.500000000000000
264,88.303235950000001,22.377227018999999,88.313235950000006,22.387227019000001,23,10,15043.000000000000000
265,88.313235950000006,22.607227019000000,88.323235950000011,22.617227019000001,0,11,
266,88.313235950000006,22.597227019000002,88.323235950000011,22.607227019000000,1,11,15224.000000000000000
267,88.313235950000006,22.587227019000000,88.323235950000011,22.597227019000002,2,11,15206.000000000000000
268,88.313235950000006,22.577227018999999,88.323235950000011,22.587227019000000,3,11,15197.000000000000000
269,88.313235950000006,22.567227019000001,88.323235950000011,22.577227019000006,4,11,15192.500000000000000
270,88.313235950000006,22.557227018999999,88.323235950000011,22.567227019000001,5,11,15176.000000000000000
271,88.313235950000006,22.547227019000001,88.323235950000011,22.557227019000003,6,11,15174.500000000000000
272,88.313235950000006,22.537227018999999,88.323235950000011,22.547227019000001,7,11,15248.500000000000000
273,88.313235950000006,22.527227019000001,88.323235950000011,22.537227019000003,8,11,15279.000000000000000
274,88.313235950000006,22.517227019000000,88.323235950000011,22.527227019000001,9,11,15207.000000000000000
275,88.313235950000006,22.507227018999998,88.323235950000011,22.517227019000000,10,11,15190.500000000000000
276,88.313235950000006,22.497227019000000,88.323235950000011,22.507227018999998,11,11,15184.500000000000000
277,88.313235950000006,22.487227018999999,88.323235950000011,22.497227019000000,12,11,15215.500000000000000
278,88.313235950000006,22.477227019000001,88.323235950000011,22.487227019000002,13,11,15196.500000000000000
279,88.313235950000006,22.467227018999999,88.323235950000011,22.477227019000001,14,11,15185.500000000000000
280,88.313235950000006,22.457227019000001,88.323235950000011,22.467227019000003,15,11,15141.500000000000000
281,88.313235950000006,22.447227019000000,88.323235950000011,22.457227019000001,16,11,15104.500000000000000
282,88.313235950000006,22.437227019000002,88.323235950000011,22.447227019000000,17,11,15098.000000000000000
283,88.313235950000006,22.427227019000000,88.323235950000011,22.437227019000002,18,11,15076.000000000000000
284,88.313235950000006,22.417227018999998,88.323235950000011,22.427227019000000,19,11,15072.500000000000000
285,88.313235950000006,22.407227019000000,88.323235950000011,22.417227019000006,20,11,15067.000000000000000
286,88.313235950000006,22.397227018999999,88.323235950000011,22.407227019000000,21,11,15057.000000000000000
287,88.313235950000006,22.387227019000001,88.323235950000011,22.397227019000002,22,11,15045.000000000000000
288,88.313235950000006,22.377227018999999,88.323235950000011,22.387227019000001,23,11,15037.500000000000000
289,88.323235950000011,22.607227019000000,88.333235950000017,22.617227019000001,0,12,
290,88.323235950000011,22.597227019000002,88.333235950000017,22.607227019000000,1,12,15251.000000000000000
291,88.323235950000011,22.587227019000000,88.333235950000017,22.597227019000002,2,12,15225.500000000000000
292,88.323235950000011,22.577227018999999,88.333235950000017,22.587227019000000,3,12,15203.000000000000000
293,88.323235950000011,22.567227019000001,88.333235950000017,22.577227019000006,4,12,15176.000000000000000
294,88.323235950000011,22.557227018999999,88.333235950000017,22.567227019000001,5,12,15128.000000000000000
295,88.323235950000011,22.547227019000001,88.333235950000017,22.557227019000003,6,12,15162.500000000000000
296,88.323235950000011,22.537227018999999,88.333235950000017,22.547227019000001,7,12,15239.500000000000000
297,88.323235950000011,22.527227019000001,88.333235950000017,22.537227019000003,8,12,15249.000000000000000
298,88.323235950000011,22.517227019000000,88.333235950000017,22.527227019000001,9,12,15242.500000000000000
299,88.323235950000011,22.507227018999998,88.333235950000017,22.517227019000000,10,12,15214.500000000000000
300,88.323235950000011,22.497227019000000,88.333235950000017,22.507227018999998,11,12,15241.000000000000000
301,88.323235950000011,22.487227018999999,88.333235950000017,22.497227019000000,12,12,15229.000000000000000
302,88.323235950000011,22.477227019000001,88.333235950000017,22.487227019000002,13,12,15195.000000000000000
303,88.323235950000011,22.467227018999999,88.333235950000017,22.477227019000001,14,12,15172.000000000000000
304,88.323235950000011,22.457227019000001,88.333235950000017,22.467227019000003,15,12,15124.500000000000000
305,88.323235950000011,22.447227019000000,88.333235950000017,22.457227019000001,16,12,15088.500000000000000
306,88.323235950000011,22.437227019000002,88.333235950000017,22.447227019000000,17,12,15081.500000000000000
307,88.323235950000011,22.427227019000000,88.333235950000017,22.437227019000002,18,12,15069.000000000000000
308,88.323235950000011,22.417227018999998,88.333235950000017,22.427227019000000,19,12,15065.500000000000000
309,88.323235950000011,22.407227019000000,88.333235950000017,22.417227019000006,20,12,15074.000000000000000
310,88.323235950000011,22.397227018999999,88.333235950000017,22.407227019000000,21,12,15068.000000000000000
311,88.323235950000011,22.387227019000001,88.333235950000017,22.397227019000002,22,12,15053.500000000000000
312,88.323235950000011,22.377227018999999,88.333235950000017,22.387227019000001,23,12,15039.000000000000000
313,88.333235950000002,22.607227019000000,88.343235949999993,22.617227019000001,0,13,
314,88.333235950000002,22.597227019000002,88.343235949999993,22.607227019000000,1,13,15190.000000000000000
315,88.333235950000002,22.587227019000000,88.343235949999993,22.597227019000002,2,13,15147.500000000000000
316,88.333235950000002,22.577227018999999,88.343235949999993,22.587227019000000,3,13,15143.500000000000000
317,88.333235950000002,22.567227019000001,88.343235949999993,22.577227019000006,4,13,15156.500000000000000
318,88.333235950000002,22.557227018999999,88.343235949999993,22.567227019000001,5,13,15143.000000000000000
319,88.333235950000002,22.547227019000001,88.343235949999993,22.557227019000003,6,13,15182.500000000000000
320,88.333235950000002,22.537227018999999,88.343235949999993,22.547227019000001,7,13,15224.000000000000000
321,88.333235950000002,22.527227019000001,88.343235949999993,22.537227019000003,8,13,15226.500000000000000
322,88.333235950000002,22.517227019000000,88.343235949999993,22.527227019000001,9,13,15249.500000000000000
323,88.333235950000002,22.507227018999998,88.343235949999993,22.517227019000000,10,13,15247.500000000000000
324,88.333235950000002,22.497227019000000,88.343235949999993,22.507227018999998,11,13,15247.000000000000000
325,88.333235950000002,22.487227018999999,88.343235949999993,22.497227019000000,12,13,15232.000000000000000
326,88.333235950000002,22.477227019000001,88.343235949999993,22.487227019000002,13,13,15202.000000000000000
327,88.333235950000002,22.467227018999999,88.343235949999993,22.477227019000001,14,13,15182.000000000000000
328,88.333235950000002,22.457227019000001,88.343235949999993,22.467227019000003,15,13,15125.500000000000000
329,88.333235950000002,22.447227019000000,88.343235949999993,22.457227019000001,16,13,15094.500000000000000
330,88.333235950000002,22.437227019000002,88.343235949999993,22.447227019000000,17,13,15075.500000000000000
331,88.333235950000002,22.427227019000000,88.343235949999993,22.437227019000002,18,13,15071.500000000000000
332,88.333235950000002,22.417227018999998,88.343235949999993,22.427227019000000,19,13,15067.000000000000000
333,88.333235950000002,22.407227019000000,88.343235949999993,22.417227019000006,20,13,15068.000000000000000
334,88.333235950000002,22.397227018999999,88.343235949999993,22.407227019000000,21,13,15066.500000000000000
335,88.333235950000002,22.387227019000001,88.343235949999993,22.397227019000002,22,13,15046.000000000000000
336,88.333235950000002,22.377227018999999,88.343235949999993,22.387227019000001,23,13,15039.000000000000000
337,88.343235949999993,22.607227019000000,88.353235950000013,22.617227019000001,0,14,
338,88.343235949999993,22.597227019000002,88.353235950000013,22.607227019000000,1,14,15142.500000000000000
339,88.343235949999993,22.587227019000000,88.353235950000013,22.597227019000002,2,14,15128.000000000000000
340,88.343235949999993,22.577227018999999,88.353235950000013,22.587227019000000,3,14,15178.000000000000000
341,88.343235949999993,22.567227019000001,88.353235950000013,22.577227019000006,4,14,15170.500000000000000
342,88.343235949999993,22.557227018999999,88.353235950000013,22.567227019000001,5,14,15175.500000000000000
343,88.343235949999993,22.547227019000001,88.353235950000013,22.557227019000003,6,14,15185.000000000000000
344,88.343235949999993,22.537227018999999,88.353235950000013,22.547227019000001,7,14,15213.000000000000000
345,88.343235949999993,22.527227019000001,88.353235950000013,22.537227019000003,8,14,15232.500000000000000
346,88.343235949999993,22.517227019000000,88.353235950000013,22.527227019000001,9,14,15209.000000000000000
347,88.343235949999993,22.507227018999998,88.353235950000013,22.517227019000000,10,14,15210.500000000000000
348,88.343235949999993,22.497227019000000,88.353235950000013,22.507227018999998,11,14,15202.000000000000000
349,88.343235949999993,22.487227018999999,88.353235950000013,22.497227019000000,12,14,15237.500000000000000
350,88.343235949999993,22.477227019000001,88.353235950000013,22.487227019000002,13,14,15223.000000000000000
351,88.343235949999993,22.467227018999999,88.353235950000013,22.477227019000001,14,14,15213.500000000000000
352,88.343235949999993,22.457227019000001,88.353235950000013,22.467227019000003,15,14,15147.500000000000000
353,88.343235949999993,22.447227019000000,88.353235950000013,22.457227019000001,16,14,15102.500000000000000
354,88.343235949999993,22.437227019000002,88.353235950000013,22.447227019000000,17,14,15075.500000000000000
355,88.343235949999993,22.427227019000000,88.353235950000013,22.437227019000002,18,14,15076.000000000000000
356,88.343235949999993,22.417227018999998,88.353235950000013,22.427227019000000,19,14,15069.500000000000000
357,88.343235949999993,22.407227019000000,88.353235950000013,22.417227019000006,20,14,15062.500000000000000
358,88.343235949999993,22.397227018999999,88.353235950000013,22.407227019000000,21,14,15046.500000000000000
359,88.343235949999993,22.387227019000001,88.353235950000013,22.397227019000002,22,14,15044.500000000000000
360,88.343235949999993,22.377227018999999,88.353235950000013,22.387227019000001,23,14,15041.000000000000000
361,88.353235950000013,22.607227019000000,88.363235950000018,22.617227019000001,0,15,
362,88.353235950000013,22.597227019000002,88.363235950000018,22.607227019000000,1,15,15157.500000000000000
363,88.353235950000013,22.587227019000000,88.363235950000018,22.597227019000002,2,15,15135.000000000000000
364,88.353235950000013,22.577227018999999,88.363235950000018,22.587227019000000,3,15,15141.500000000000000
365,88.353235950000013,22.567227019000001,88.363235950000018,22.577227019000006,4,15,15207.000000000000000
366,88.353235950000013,22.557227018999999,88.363235950000018,22.567227019000001,5,15,15241.000000000000000
367,88.353235950000013,22.547227019000001,88.363235950000018,22.557227019000003,6,15,15218.000000000000000
368,88.353235950000013,22.537227018999999,88.363235950000018,22.547227019000001,7,15,15214.500000000000000
369,88.353235950000013,22.527227019000001,88.363235950000018,22.537227019000003,8,15,15168.500000000000000
370,88.353235950000013,22.517227019000000,88.363235950000018,22.527227019000001,9,15,15199.000000000000000
371,88.353235950000013,22.507227018999998,88.363235950000018,22.517227019000000,10,15,15210.000000000000000
372,88.353235950000013,22.497227019000000,88.363235950000018,22.507227018999998,11,15,15189.500000000000000
373,88.353235950000013,22.487227018999999,88.363235950000018,22.497227019000000,12,15,15237.500000000000000
374,88.353235950000013,22.477227019000001,88.363235950000018,22.487227019000002,13,15,15236.000000000000000
375,88.353235950000013,22.467227018999999,88.363235950000018,22.477227019000001,14,15,15231.500000000000000
376,88.353235950000013,22.457227019000001,88.363235950000018,22.467227019000003,15,15,15173.500000000000000
377,88.353235950000013,22.447227019000000,88.363235950000018,22.457227019000001,16,15,15126.500000000000000
378,88.353235950000013,22.437227019000002,88.363235950000018,22.447227019000000,17,15,15079.000000000000000
379,88.353235950000013,22.427227019000000,88.363235950000018,22.437227019000002,18,15,15073.000000000000000
380,88.353235950000013,22.417227018999998,88.363235950000018,22.427227019000000,19,15,15050.500000000000000
381,88.353235950000013,22.407227019000000,88.363235950000018,22.417227019000006,20,15,15046.500000000000000
382,88.353235950000013,22.397227018999999,88.363235950000018,22.407227019000000,21,15,15045.500000000000000
383,88.353235950000013,22.387227019000001,88.363235950000018,22.397227019000002,22,15,15047.000000000000000
384,88.353235950000013,22.377227018999999,88.363235950000018,22.387227019000001,23,15,15039.500000000000000
385,88.363235950000004,22.607227019000000,88.373235950000023,22.617227019000001,0,16,
386,88.363235950000004,22.597227019000002,88.373235950000023,22.607227019000000,1,16,15124.500000000000000
387,88.363235950000004,22.587227019000000,88.373235950000023,22.597227019000002,2,16,15210.000000000000000
388,88.363235950000004,22.577227018999999,88.373235950000023,22.587227019000000,3,16,15198.500000000000000
389,88.363235950000004,22.567227019000001,88.373235950000023,22.577227019000006,4,16,15237.000000000000000
390,88.363235950000004,22.557227018999999,88.373235950000023,22.567227019000001,5,16,15268.000000000000000
391,88.363235950000004,22.547227019000001,88.373235950000023,22.557227019000003,6,16,15241.000000000000000
392,88.363235950000004,22.537227018999999,88.373235950000023,22.547227019000001,7,16,15225.000000000000000
393,88.363235950000004,22.527227019000001,88.373235950000023,22.537227019000003,8,16,15168.500000000000000
394,88.363235950000004,22.517227019000000,88.373235950000023,22.527227019000001,9,16,15197.500000000000000
395,88.363235950000004,22.507227018999998,88.373235950000023,22.517227019000000,10,16,15189.000000000000000
396,88.363235950000004,22.497227019000000,88.373235950000023,22.507227018999998,11,16,15179.500000000000000
397,88.363235950000004,22.487227018999999,88.373235950000023,22.497227019000000,12,16,15179.000000000000000
398,88.363235950000004,22.477227019000001,88.373235950000023,22.487227019000002,13,16,15240.000000000000000
399,88.363235950000004,22.467227018999999,88.373235950000023,22.477227019000001,14,16,15188.500000000000000
400,88.363235950000004,22.457227019000001,88.373235950000023,22.467227019000003,15,16,15197.500000000000000
401,88.363235950000004,22.447227019000000,88.373235950000023,22.457227019000001,16,16,15147.000000000000000
402,88.363235950000004,22.437227019000002,88.373235950000023,22.447227019000000,17,16,15087.000000000000000
403,88.363235950000004,22.427227019000000,88.373235950000023,22.437227019000002,18,16,15077.500000000000000
404,88.363235950000004,22.417227018999998,88.373235950000023,22.427227019000000,19,16,15053.500000000000000
405,88.363235950000004,22.407227019000000,88.373235950000023,22.417227019000006,20,16,15036.000000000000000
406,88.363235950000004,22.397227018999999,88.373235950000023,22.407227019000000,21,16,15042.000000000000000
407,88.363235950000004,22.387227019000001,88.373235950000023,22.397227019000002,22,16,15049.500000000000000
408,88.363235950000004,22.377227018999999,88.373235950000023,22.387227019000001,23,16,15041.000000000000000
409,88.373235950000023,22.607227019000000,88.383235950000014,22.617227019000001,0,17,
410,88.373235950000023,22.597227019000002,88.383235950000014,22.607227019000000,1,17,15172.500000000000000
411,88.373235950000023,22.587227019000000,88.383235950000014,22.597227019000002,2,17,15221.000000000000000
412,88.373235950000023,22.577227018999999,88.383235950000014,22.587227019000000,3,17,15238.000000000000000
413,88.373235950000023,22.567227019000001,88.383235950000014,22.577227019000006,4,17,15241.500000000000000
414,88.373235950000023,22.557227018999999,88.383235950000014,22.567227019000001,5,17,15268.500000000000000
415,88.373235950000023,22.547227019000001,88.383235950000014,22.557227019000003,6,17,15253.000000000000000
416,88.373235950000023,22.537227018999999,88.383235950000014,22.547227019000001,7,17,15245.500000000000000
417,88.373235950000023,22.527227019000001,88.383235950000014,22.537227019000003,8,17,15193.500000000000000
418,88.373235950000023,22.517227019000000,88.383235950000014,22.527227019000001,9,17,15198.000000000000000
419,88.373235950000023,22.507227018999998,88.383235950000014,22.517227019000000,10,17,15175.500000000000000
420,88.373235950000023,22.497227019000000,88.383235950000014,22.507227018999998,11,17,15176.500000000000000
421,88.373235950000023,22.487227018999999,88.383235950000014,22.497227019000000,12,17,15175.500000000000000
422,88.373235950000023,22.477227019000001,88.383235950000014,22.487227019000002,13,17,15175.500000000000000
423,88.373235950000023,22.467227018999999,88.383235950000014,22.477227019000001,14,17,15181.000000000000000
424,88.373235950000023,22.457227019000001,88.383235950000014,22.467227019000003,15,17,15203.500000000000000
425,88.373235950000023,22.447227019000000,88.383235950000014,22.457227019000001,16,17,15165.000000000000000
426,88.373235950000023,22.437227019000002,88.383235950000014,22.447227019000000,17,17,15105.000000000000000
427,88.373235950000023,22.427227019000000,88.383235950000014,22.437227019000002,18,17,15094.000000000000000
428,88.373235950000023,22.417227018999998,88.383235950000014,22.427227019000000,19,17,15060.500000000000000
429,88.373235950000023,22.407227019000000,88.383235950000014,22.417227019000006,20,17,15034.500000000000000
430,88.373235950000023,22.397227018999999,88.383235950000014,22.407227019000000,21,17,15041.000000000000000
431,88.373235950000023,22.387227019000001,88.383235950000014,22.397227019000002,22,17,15050.000000000000000
432,88.373235950000023,22.377227018999999,88.383235950000014,22.387227019000001,23,17,15037.000000000000000
433,88.383235950000014,22.607227019000000,88.393235950000019,22.617227019000001,0,18,
434,88.383235950000014,22.597227019000002,88.393235950000019,22.607227019000000,1,18,15259.500000000000000
435,88.383235950000014,22.587227019000000,88.393235950000019,22.597227019000002,2,18,15274.000000000000000
436,88.383235950000014,22.577227018999999,88.393235950000019,22.587227019000000,3,18,15281.500000000000000
437,88.383235950000014,22.567227019000001,88.393235950000019,22.577227019000006,4,18,15277.000000000000000
438,88.383235950000014,22.557227018999999,88.393235950000019,22.567227019000001,5,18,15261.500000000000000
439,88.383235950000014,22.547227019000001,88.393235950000019,22.557227019000003,6,18,15255.500000000000000
440,88.383235950000014,22.537227018999999,88.393235950000019,22.547227019000001,7,18,15263.000000000000000
441,88.383235950000014,22.527227019000001,88.393235950000019,22.537227019000003,8,18,15192.500000000000000
442,88.383235950000014,22.517227019000000,88.393235950000019,22.527227019000001,9,18,15244.500000000000000
443,88.383235950000014,22.507227018999998,88.393235950000019,22.517227019000000,10,18,15199.000000000000000
444,88.383235950000014,22.497227019000000,88.393235950000019,22.507227018999998,11,18,15166.000000000000000
445,88.383235950000014,22.487227018999999,88.393235950000019,22.497227019000000,12,18,15238.000000000000000
446,88.383235950000014,22.477227019000001,88.393235950000019,22.487227019000002,13,18,15175.500000000000000
447,88.383235950000014,22.467227018999999,88.393235950000019,22.477227019000001,14,18,15152.500000000000000
448,88.383235950000014,22.457227019000001,88.393235950000019,22.467227019000003,15,18,15202.500000000000000
449,88.383235950000014,22.447227019000000,88.393235950000019,22.457227019000001,16,18,15186.500000000000000
450,88.383235950000014,22.437227019000002,88.393235950000019,22.447227019000000,17,18,15130.500000000000000
451,88.383235950000014,22.427227019000000,88.393235950000019,22.437227019000002,18,18,15103.500000000000000
452,88.383235950000014,22.417227018999998,88.393235950000019,22.427227019000000,19,18,15067.000000000000000
453,88.383235950000014,22.407227019000000,88.393235950000019,22.417227019000006,20,18,15045.000000000000000
454,88.383235950000014,22.397227018999999,88.393235950000019,22.407227019000000,21,18,15042.000000000000000
455,88.383235950000014,22.387227019000001,88.393235950000019,22.397227019000002,22,18,15051.000000000000000
456,88.383235950000014,22.377227018999999,88.393235950000019,22.387227019000001,23,18,15044.500000000000000
457,88.393235950000005,22.607227019000000,88.403235950000010,22.617227019000001,0,19,
458,88.393235950000005,22.597227019000002,88.403235950000010,22.607227019000000,1,19,15259.500000000000000
459,88.393235950000005,22.587227019000000,88.403235950000010,22.597227019000002,2,19,15254.000000000000000
460,88.393235950000005,22.577227018999999,88.403235950000010,22.587227019000000,3,19,15271.000000000000000
461,88.393235950000005,22.567227019000001,88.403235950000010,22.577227019000006,4,19,15262.500000000000000
462,88.393235950000005,22.557227018999999,88.403235950000010,22.567227019000001,5,19,15245.500000000000000
463,88.393235950000005,22.547227019000001,88.403235950000010,22.557227019000003,6,19,15244.000000000000000
464,88.393235950000005,22.537227018999999,88.403235950000010,22.547227019000001,7,19,15268.000000000000000
465,88.393235950000005,22.527227019000001,88.403235950000010,22.537227019000003,8,19,15176.000000000000000
466,88.393235950000005,22.517227019000000,88.403235950000010,22.527227019000001,9,19,15204.000000000000000
467,88.393235950000005,22.507227018999998,88.403235950000010,22.517227019000000,10,19,15230.500000000000000
468,88.393235950000005,22.497227019000000,88.403235950000010,22.507227018999998,11,19,15227.000000000000000
469,88.393235950000005,22.487227018999999,88.403235950000010,22.497227019000000,12,19,15211.000000000000000
470,88.393235950000005,22.477227019000001,88.403235950000010,22.487227019000002,13,19,15222.000000000000000
471,88.393235950000005,22.467227018999999,88.403235950000010,22.477227019000001,14,19,15217.500000000000000
472,88.393235950000005,22.457227019000001,88.403235950000010,22.467227019000003,15,19,15202.000000000000000
473,88.393235950000005,22.447227019000000,88.403235950000010,22.457227019000001,16,19,15178.000000000000000
474,88.393235950000005,22.437227019000002,88.403235950000010,22.447227019000000,17,19,15141.500000000000000
475,88.393235950000005,22.427227019000000,88.403235950000010,22.437227019000002,18,19,15107.500000000000000
476,88.393235950000005,22.417227018999998,88.403235950000010,22.427227019000000,19,19,15077.000000000000000
477,88.393235950000005,22.407227019000000,88.403235950000010,22.417227019000006,20,19,15059.500000000000000
478,88.393235950000005,22.397227018999999,88.403235950000010,22.407227019000000,21,19,15052.000000000000000
479,88.393235950000005,22.387227019000001,88.403235950000010,22.397227019000002,22,19,15056.500000000000000
480,88.393235950000005,22.377227018999999,88.403235950000010,22.387227019000001,23,19,15047.000000000000000
481,88.403235950000010,22.607227019000000,88.413235950000015,22.617227019000001,0,20,
482,88.403235950000010,22.597227019000002,88.413235950000015,22.607227019000000,1,20,15233.500000000000000
483,88.403235950000010,22.587227019000000,88.413235950000015,22.597227019000002,2,20,15221.000000000000000
484,88.403235950000010,22.577227018999999,88.413235950000015,22.587227019000000,3,20,15231.500000000000000
485,88.403235950000010,22.567227019000001,88.413235950000015,22.577227019000006,4,20,15204.500000000000000
486,88.403235950000010,22.557227018999999,88.413235950000015,22.567227019000001,5,20,15164.500000000000000
487,88.403235950000010,22.547227019000001,88.413235950000015,22.557227019000003,6,20,15154.000000000000000
488,88.403235950000010,22.537227018999999,88.413235950000015,22.547227019000001,7,20,15188.000000000000000
489,88.403235950000010,22.527227019000001,88.413235950000015,22.537227019000003,8,20,15162.500000000000000
490,88.403235950000010,22.517227019000000,88.413235950000015,22.527227019000001,9,20,15153.000000000000000
491,88.403235950000010,22.507227018999998,88.413235950000015,22.517227019000000,10,20,15176.000000000000000
492,88.403235950000010,22.497227019000000,88.413235950000015,22.507227018999998,11,20,15170.500000000000000
493,88.403235950000010,22.487227018999999,88.413235950000015,22.497227019000000,12,20,15163.000000000000000
494,88.403235950000010,22.477227019000001,88.413235950000015,22.487227019000002,13,20,15177.000000000000000
495,88.403235950000010,22.467227018999999,88.413235950000015,22.477227019000001,14,20,15180.500000000000000
496,88.403235950000010,22.457227019000001,88.413235950000015,22.467227019000003,15,20,15155.500000000000000
497,88.403235950000010,22.447227019000000,88.413235950000015,22.457227019000001,16,20,15140.000000000000000
498,88.403235950000010,22.437227019000002,88.413235950000015,22.447227019000000,17,20,15140.000000000000000
499,88.403235950000010,22.427227019000000,88.413235950000015,22.437227019000002,18,20,15119.500000000000000
500,88.403235950000010,22.417227018999998,88.413235950000015,22.427227019000000,19,20,15117.000000000000000
501,88.403235950000010,22.407227019000000,88.413235950000015,22.417227019000006,20,20,15099.500000000000000
502,88.403235950000010,22.397227018999999,88.413235950000015,22.407227019000000,21,20,15070.500000000000000
503,88.403235950000010,22.387227019000001,88.413235950000015,22.397227019000002,22,20,15071.000000000000000
504,88.403235950000010,22.377227018999999,88.413235950000015,22.387227019000001,23,20,15065.500000000000000
505,88.413235950000001,22.607227019000000,88.423235950000006,22.617227019000001,0,21,
506,88.413235950000001,22.597227019000002,88.423235950000006,22.607227019000000,1,21,15223.000000000000000
507,88.413235950000001,22.587227019000000,88.423235950000006,22.597227019000002,2,21,15212.000000000000000
508,88.413235950000001,22.577227018999999,88.423235950000006,22.587227019000000,3,21,15210.000000000000000
509,88.413235950000001,22.567227019000001,88.423235950000006,22.577227019000006,4,21,15153.000000000000000
510,88.413235950000001,22.557227018999999,88.423235950000006,22.567227019000001,5,21,15109.500000000000000
511,88.413235950000001,22.547227019000001,88.423235950000006,22.557227019000003,6,21,15121.000000000000000
512,88.413235950000001,22.537227018999999,88.423235950000006,22.547227019000001,7,21,15158.000000000000000
513,88.413235950000001,22.527227019000001,88.423235950000006,22.537227019000003,8,21,15129.000000000000000
514,88.413235950000001,22.517227019000000,88.423235950000006,22.527227019000001,9,21,15132.000000000000000
515,88.413235950000001,22.507227018999998,88.423235950000006,22.517227019000000,10,21,15155.000000000000000
516,88.413235950000001,22.497227019000000,88.423235950000006,22.507227018999998,11,21,15141.500000000000000
517,88.413235950000001,22.487227018999999,88.423235950000006,22.497227019000000,12,21,15136.500000000000000
518,88.413235950000001,22.477227019000001,88.423235950000006,22.487227019000002,13,21,15154.000000000000000
519,88.413235950000001,22.467227018999999,88.423235950000006,22.477227019000001,14,21,15162.500000000000000
520,88.413235950000001,22.457227019000001,88.423235950000006,22.467227019000003,15,21,15153.500000000000000
521,88.413235950000001,22.447227019000000,88.423235950000006,22.457227019000001,16,21,15136.000000000000000
522,88.413235950000001,22.437227019000002,88.423235950000006,22.447227019000000,17,21,15132.000000000000000
523,88.413235950000001,22.427227019000000,88.423235950000006,22.437227019000002,18,21,15125.000000000000000
524,88.413235950000001,22.417227018999998,88.423235950000006,22.427227019000000,19,21,15125.000000000000000
525,88.413235950000001,22.407227019000000,88.423235950000006,22.417227019000006,20,21,15116.000000000000000
526,88.413235950000001,22.397227018999999,88.423235950000006,22.407227019000000,21,21,15088.500000000000000
527,88.413235950000001,22.387227019000001,88.423235950000006,22.397227019000002,22,21,15087.000000000000000
528,88.413235950000001,22.377227018999999,88.423235950000006,22.387227019000001,23,21,15077.000000000000000
529,88.423235950000006,22.607227019000000,88.433235950000011,22.617227019000001,0,22,
530,88.423235950000006,22.597227019000002,88.433235950000011,22.607227019000000,1,22,15211.500000000000000
531,88.423235950000006,22.587227019000000,88.433235950000011,22.597227019000002,2,22,15207.500000000000000
532,88.423235950000006,22.577227018999999,88.433235950000011,22.587227019000000,3,22,15187.500000000000000
533,88.423235950000006,22.567227019000001,88.433235950000011,22.577227019000006,4,22,15113.000000000000000
534,88.423235950000006,22.557227018999999,88.433235950000011,22.567227019000001,5,22,15049.500000000000000
535,88.423235950000006,22.547227019000001,88.433235950000011,22.557227019000003,6,22,15072.000000000000000
536,88.423235950000006,22.537227018999999,88.433235950000011,22.547227019000001,7,22,15133.000000000000000
537,88.423235950000006,22.527227019000001,88.433235950000011,22.537227019000003,8,22,15114.000000000000000
538,88.423235950000006,22.517227019000000,88.433235950000011,22.527227019000001,9,22,15096.500000000000000
539,88.423235950000006,22.507227018999998,88.433235950000011,22.517227019000000,10,22,15130.000000000000000
540,88.423235950000006,22.497227019000000,88.433235950000011,22.507227018999998,11,22,15112.500000000000000
541,88.423235950000006,22.487227018999999,88.433235950000011,22.497227019000000,12,22,15090.000000000000000
542,88.423235950000006,22.477227019000001,88.433235950000011,22.487227019000002,13,22,15127.500000000000000
543,88.423235950000006,22.467227018999999,88.433235950000011,22.477227019000001,14,22,15136.000000000000000
544,88.423235950000006,22.457227019000001,88.433235950000011,22.467227019000003,15,22,15150.500000000000000
545,88.423235950000006,22.447227019000000,88.433235950000011,22.457227019000001,16,22,15151.500000000000000
546,88.423235950000006,22.437227019000002,88.433235950000011,22.447227019000000,17,22,15140.500000000000000
547,88.423235950000006,22.427227019000000,88.433235950000011,22.437227019000002,18,22,15133.500000000000000
548,88.423235950000006,22.417227018999998,88.433235950000011,22.427227019000000,19,22,15128.500000000000000
549,88.423235950000006,22.407227019000000,88.433235950000011,22.417227019000006,20,22,15122.000000000000000
550,88.423235950000006,22.397227018999999,88.433235950000011,22.407227019000000,21,22,15103.500000000000000
551,88.423235950000006,22.387227019000001,88.433235950000011,22.397227019000002,22,22,15104.000000000000000
552,88.423235950000006,22.377227018999999,88.433235950000011,22.387227019000001,23,22,15093.000000000000000
553,88.433235950000011,22.607227019000000,88.443235950000016,22.617227019000001,0,23,
554,88.433235950000011,22.597227019000002,88.443235950000016,22.607227019000000,1,23,15203.000000000000000
555,88.433235950000011,22.587227019000000,88.443235950000016,22.597227019000002,2,23,15195.500000000000000
556,88.433235950000011,22.577227018999999,88.443235950000016,22.587227019000000,3,23,15186.500000000000000
557,88.433235950000011,22.567227019000001,88.443235950000016,22.577227019000006,4,23,15104.000000000000000
558,88.433235950000011,22.557227018999999,88.443235950000016,22.567227019000001,5,23,15031.000000000000000
559,88.433235950000011,22.547227019000001,88.443235950000016,22.557227019000003,6,23,15016.500000000000000
560,88.433235950000011,22.537227018999999,88.443235950000016,22.547227019000001,7,23,15112.000000000000000
561,88.433235950000011,22.527227019000001,88.443235950000016,22.537227019000003,8,23,15095.500000000000000
562,88.433235950000011,22.517227019000000,88.443235950000016,22.527227019000001,9,23,15061.500000000000000
563,88.433235950000011,22.507227018999998,88.443235950000016,22.517227019000000,10,23,15087.000000000000000
564,88.433235950000011,22.497227019000000,88.443235950000016,22.507227018999998,11,23,15073.500000000000000
565,88.433235950000011,22.487227018999999,88.443235950000016,22.497227019000000,12,23,15067.000000000000000
566,88.433235950000011,22.477227019000001,88.443235950000016,22.487227019000002,13,23,15085.000000000000000
567,88.433235950000011,22.467227018999999,88.443235950000016,22.477227019000001,14,23,15112.000000000000000
568,88.433235950000011,22.457227019000001,88.443235950000016,22.467227019000003,15,23,15151.000000000000000
569,88.433235950000011,22.447227019000000,88.443235950000016,22.457227019000001,16,23,15154.000000000000000
570,88.433235950000011,22.437227019000002,88.443235950000016,22.447227019000000,17,23,15148.500000000000000
571,88.433235950000011,22.427227019000000,88.443235950000016,22.437227019000002,18,23,15135.500000000000000
572,88.433235950000011,22.417227018999998,88.443235950000016,22.427227019000000,19,23,15131.500000000000000
573,88.433235950000011,22.407227019000000,88.443235950000016,22.417227019000006,20,23,15127.500000000000000
574,88.433235950000011,22.397227018999999,88.443235950000016,22.407227019000000,21,23,15118.000000000000000
575,88.433235950000011,22.387227019000001,88.443235950000016,22.397227019000002,22,23,15109.000000000000000
576,88.433235950000011,22.377227018999999,88.443235950000016,22.387227019000001,23,23,15109.500000000000000
577,88.443235950000002,22.607227019000000,88.453235950000007,22.617227019000001,0,24,
578,88.443235950000002,22.597227019000002,88.453235950000007,22.607227019000000,1,24,15188.000000000000000
579,88.443235950000002,22.587227019000000,88.453235950000007,22.597227019000002,2,24,15175.000000000000000
580,88.443235950000002,22.577227018999999,88.453235950000007,22.587227019000000,3,24,15174.000000000000000
581,88.443235950000002,22.567227019000001,88.453235950000007,22.577227019000006,4,24,15106.000000000000000
582,88.443235950000002,22.557227018999999,88.453235950000007,22.567227019000001,5,24,15035.000000000000000
583,88.443235950000002,22.547227019000001,88.453235950000007,22.557227019000003,6,24,15018.500000000000000
584,88.443235950000002,22.537227018999999,88.453235950000007,22.547227019000001,7,24,15050.000000000000000
585,88.443235950000002,22.527227019000001,88.453235950000007,22.537227019000003,8,24,15052.500000000000000
586,88.443235950000002,22.517227019000000,88.453235950000007,22.527227019000001,9,24,15040.500000000000000
587,88.443235950000002,22.507227018999998,88.453235950000007,22.517227019000000,10,24,15062.500000000000000
588,88.443235950000002,22.497227019000000,88.453235950000007,22.507227018999998,11,24,15059.000000000000000
589,88.443235950000002,22.487227018999999,88.453235950000007,22.497227019000000,12,24,15053.500000000000000
590,88.443235950000002,22.477227019000001,88.453235950000007,22.487227019000002,13,24,15063.500000000000000
591,88.443235950000002,22.467227018999999,88.453235950000007,22.477227019000001,14,24,15094.500000000000000
592,88.443235950000002,22.457227019000001,88.453235950000007,22.467227019000003,15,24,15143.500000000000000
593,88.443235950000002,22.447227019000000,88.453235950000007,22.457227019000001,16,24,15138.500000000000000
594,88.443235950000002,22.437227019000002,88.453235950000007,22.447227019000000,17,24,15146.000000000000000
595,88.443235950000002,22.427227019000000,88.453235950000007,22.437227019000002,18,24,15129.000000000000000
596,88.443235950000002,22.417227018999998,88.453235950000007,22.427227019000000,19,24,15121.000000000000000
597,88.443235950000002,22.407227019000000,88.453235950000007,22.417227019000006,20,24,15131.500000000000000
598,88.443235950000002,22.397227018999999,88.453235950000007,22.407227019000000,21,24,15119.000000000000000
599,88.443235950000002,22.387227019000001,88.453235950000007,22.397227019000002,22,24,15100.500000000000000
600,88.443235950000002,22.377227018999999,88.453235950000007,22.387227019000001,23,24,15105.000000000000000
601,88.453235950000007,22.607227019000000,88.463235950000012,22.617227019000001,0,25,
602,88.453235950000007,22.597227019000002,88.463235950000012,22.607227019000000,1,25,15178.000000000000000
603,88.453235950000007,22.587227019000000,88.463235950000012,22.597227019000002,2,25,15156.500000000000000
604,88.453235950000007,22.577227018999999,88.463235950000012,22.587227019000000,3,25,15144.000000000000000
605,88.453235950000007,22.567227019000001,88.463235950000012,22.577227019000006,4,25,15109.500000000000000
606,88.453235950000007,22.557227018999999,88.463235950000012,22.567227019000001,5,25,15038.000000000000000
607,88.453235950000007,22.547227019000001,88.463235950000012,22.557227019000003,6,25,15014.500000000000000
608,88.453235950000007,22.537227018999999,88.463235950000012,22.547227019000001,7,25,15026.500000000000000
609,88.453235950000007,22.527227019000001,88.463235950000012,22.537227019000003,8,25,15030.000000000000000
610,88.453235950000007,22.517227019000000,88.463235950000012,22.527227019000001,9,25,15040.000000000000000
611,88.453235950000007,22.507227018999998,88.463235950000012,22.517227019000000,10,25,15053.000000000000000
612,88.453235950000007,22.497227019000000,88.463235950000012,22.507227018999998,11,25,15064.500000000000000
613,88.453235950000007,22.487227018999999,88.463235950000012,22.497227019000000,12,25,15070.000000000000000
614,88.453235950000007,22.477227019000001,88.463235950000012,22.487227019000002,13,25,15069.500000000000000
615,88.453235950000007,22.467227018999999,88.463235950000012,22.477227019000001,14,25,15092.500000000000000
616,88.453235950000007,22.457227019000001,88.463235950000012,22.467227019000003,15,25,15124.000000000000000
617,88.453235950000007,22.447227019000000,88.463235950000012,22.457227019000001,16,25,15108.500000000000000
618,88.453235950000007,22.437227019000002,88.463235950000012,22.447227019000000,17,25,15130.000000000000000
619,88.453235950000007,22.427227019000000,88.463235950000012,22.437227019000002,18,25,15112.500000000000000
620,88.453235950000007,22.417227018999998,88.463235950000012,22.427227019000000,19,25,15102.000000000000000
621,88.453235950000007,22.407227019000000,88.463235950000012,22.417227019000006,20,25,15114.000000000000000
622,88.453235950000007,22.397227018999999,88.463235950000012,22.407227019000000,21,25,15099.000000000000000
623,88.453235950000007,22.387227019000001,88.463235950000012,22.397227019000002,22,25,15072.000000000000000
624,88.453235950000007,22.377227018999999,88.463235950000012,22.387227019000001,23,25,15080.500000000000000
625,88.463235950000012,22.607227019000000,88.473235950000017,22.617227019000001,0,26,
626,88.463235950000012,22.597227019000002,88.473235950000017,22.607227019000000,1,26,15158.000000000000000
627,88.463235950000012,22.587227019000000,88.473235950000017,22.597227019000002,2,26,15139.000000000000000
628,88.463235950000012,22.577227018999999,88.473235950000017,22.587227019000000,3,26,15138.000000000000000
629,88.463235950000012,22.567227019000001,88.473235950000017,22.577227019000006,4,26,15114.000000000000000
630,88.463235950000012,22.557227018999999,88.473235950000017,22.567227019000001,5,26,15038.000000000000000
631,88.463235950000012,22.547227019000001,88.473235950000017,22.557227019000003,6,26,15017.000000000000000
632,88.463235950000012,22.537227018999999,88.473235950000017,22.547227019000001,7,26,15012.000000000000000
633,88.463235950000012,22.527227019000001,88.473235950000017,22.537227019000003,8,26,15016.000000000000000
634,88.463235950000012,22.517227019000000,88.473235950000017,22.527227019000001,9,26,15058.000000000000000
635,88.463235950000012,22.507227018999998,88.473235950000017,22.517227019000000,10,26,15062.500000000000000
636,88.463235950000012,22.497227019000000,88.473235950000017,22.507227018999998,11,26,15081.500000000000000
637,88.463235950000012,22.487227018999999,88.473235950000017,22.497227019000000,12,26,15081.000000000000000
638,88.463235950000012,22.477227019000001,88.473235950000017,22.487227019000002,13,26,15079.500000000000000
639,88.463235950000012,22.467227018999999,88.473235950000017,22.477227019000001,14,26,15090.000000000000000
640,88.463235950000012,22.457227019000001,88.473235950000017,22.467227019000003,15,26,15093.500000000000000
641,88.463235950000012,22.447227019000000,88.473235950000017,22.457227019000001,16,26,15088.000000000000000
642,88.463235950000012,22.437227019000002,88.473235950000017,22.447227019000000,17,26,15109.500000000000000
643,88.463235950000012,22.427227019000000,88.473235950000017,22.437227019000002,18,26,15101.000000000000000
644,88.463235950000012,22.417227018999998,88.473235950000017,22.427227019000000,19,26,15093.000000000000000
645,88.463235950000012,22.407227019000000,88.473235950000017,22.417227019000006,20,26,15095.000000000000000
646,88.463235950000012,22.397227018999999,88.473235950000017,22.407227019000000,21,26,15080.000000000000000
647,88.463235950000012,22.387227019000001,88.473235950000017,22.397227019000002,22,26,15059.000000000000000
648,88.463235950000012,22.377227018999999,88.473235950000017,22.387227019000001,23,26,15062.000000000000000
649,88.473235950000003,22.607227019000000,88.483235950000022,22.617227019000001,0,27,
650,88.473235950000003,22.597227019000002,88.483235950000022,22.607227019000000,1,27,15134.000000000000000
651,88.473235950000003,22.587227019000000,88.483235950000022,22.597227019000002,2,27,15137.000000000000000
652,88.473235950000003,22.577227018999999,88.483235950000022,22.587227019000000,3,27,15139.500000000000000
653,88.473235950000003,22.567227019000001,88.483235950000022,22.577227019000006,4,27,15126.000000000000000
654,88.473235950000003,22.557227018999999,88.483235950000022,22.567227019000001,5,27,15052.000000000000000
655,88.473235950000003,22.547227019000001,88.483235950000022,22.557227019000003,6,27,15032.500000000000000
656,88.473235950000003,22.537227018999999,88.483235950000022,22.547227019000001,7,27,15015.000000000000000
657,88.473235950000003,22.527227019000001,88.483235950000022,22.537227019000003,8,27,15021.500000000000000
658,88.473235950000003,22.517227019000000,88.483235950000022,22.527227019000001,9,27,15064.500000000000000
659,88.473235950000003,22.507227018999998,88.483235950000022,22.517227019000000,10,27,15075.500000000000000
660,88.473235950000003,22.497227019000000,88.483235950000022,22.507227018999998,11,27,15082.500000000000000
661,88.473235950000003,22.487227018999999,88.483235950000022,22.497227019000000,12,27,15080.500000000000000
662,88.473235950000003,22.477227019000001,88.483235950000022,22.487227019000002,13,27,15079.500000000000000
663,88.473235950000003,22.467227018999999,88.483235950000022,22.477227019000001,14,27,15077.500000000000000
664,88.473235950000003,22.457227019000001,88.483235950000022,22.467227019000003,15,27,15081.000000000000000
665,88.473235950000003,22.447227019000000,88.483235950000022,22.457227019000001,16,27,15078.500000000000000
666,88.473235950000003,22.437227019000002,88.483235950000022,22.447227019000000,17,27,15091.500000000000000
667,88.473235950000003,22.427227019000000,88.483235950000022,22.437227019000002,18,27,15093.000000000000000
668,88.473235950000003,22.417227018999998,88.483235950000022,22.427227019000000,19,27,15086.500000000000000
669,88.473235950000003,22.407227019000000,88.483235950000022,22.417227019000006,20,27,15088.000000000000000
670,88.473235950000003,22.397227018999999,88.483235950000022,22.407227019000000,21,27,15063.500000000000000
671,88.473235950000003,22.387227019000001,88.483235950000022,22.397227019000002,22,27,15048.000000000000000
672,88.473235950000003,22.377227018999999,88.483235950000022,22.387227019000001,23,27,15056.000000000000000
673,88.483235950000022,22.607227019000000,88.493235950000013,22.617227019000001,0,28,
674,88.483235950000022,22.597227019000002,88.493235950000013,22.607227019000000,1,28,15124.000000000000000
675,88.483235950000022,22.587227019000000,88.493235950000013,22.597227019000002,2,28,15133.500000000000000
676,88.483235950000022,22.577227018999999,88.493235950000013,22.587227019000000,3,28,15145.500000000000000
677,88.483235950000022,22.567227019000001,88.493235950000013,22.577227019000006,4,28,15134.500000000000000
678,88.483235950000022,22.557227018999999,88.493235950000013,22.567227019000001,5,28,15093.000000000000000
679,88.483235950000022,22.547227019000001,88.493235950000013,22.557227019000003,6,28,15056.000000000000000
680,88.483235950000022,22.537227018999999,88.493235950000013,22.547227019000001,7,28,15018.000000000000000
681,88.483235950000022,22.527227019000001,88.493235950000013,22.537227019000003,8,28,15032.000000000000000
682,88.483235950000022,22.517227019000000,88.493235950000013,22.527227019000001,9,28,15058.000000000000000
683,88.483235950000022,22.507227018999998,88.493235950000013,22.517227019000000,10,28,15070.000000000000000
684,88.483235950000022,22.497227019000000,88.493235950000013,22.507227018999998,11,28,15074.000000000000000
685,88.483235950000022,22.487227018999999,88.493235950000013,22.497227019000000,12,28,15076.000000000000000
686,88.483235950000022,22.477227019000001,88.493235950000013,22.487227019000002,13,28,15073.000000000000000
687,88.483235950000022,22.467227018999999,88.493235950000013,22.477227019000001,14,28,15067.000000000000000
688,88.483235950000022,22.457227019000001,88.493235950000013,22.467227019000003,15,28,15073.000000000000000
689,88.483235950000022,22.447227019000000,88.493235950000013,22.457227019000001,16,28,15068.500000000000000
690,88.483235950000022,22.437227019000002,88.493235950000013,22.447227019000000,17,28,15079.000000000000000
691,88.483235950000022,22.427227019000000,88.493235950000013,22.437227019000002,18,28,15076.500000000000000
692,88.483235950000022,22.417227018999998,88.493235950000013,22.427227019000000,19,28,15066.500000000000000
693,88.483235950000022,22.407227019000000,88.493235950000013,22.417227019000006,20,28,15080.000000000000000
694,88.483235950000022,22.397227018999999,88.493235950000013,22.407227019000000,21,28,15064.500000000000000
695,88.483235950000022,22.387227019000001,88.493235950000013,22.397227019000002,22,28,15059.500000000000000
696,88.483235950000022,22.377227018999999,88.493235950000013,22.387227019000001,23,28,15056.000000000000000
697,88.493235950000013,22.607227019000000,88.503235950000018,22.617227019000001,0,29,
698,88.493235950000013,22.597227019000002,88.503235950000018,22.607227019000000,1,29,15100.500000000000000
699,88.493235950000013,22.587227019000000,88.503235950000018,22.597227019000002,2,29,15107.500000000000000
700,88.493235950000013,22.577227018999999,88.503235950000018,22.587227019000000,3,29,15110.500000000000000
701,88.493235950000013,22.567227019000001,88.503235950000018,22.577227019000006,4,29,15129.000000000000000
702,88.493235950000013,22.557227018999999,88.503235950000018,22.567227019000001,5,29,15133.500000000000000
703,88.493235950000013,22.547227019000001,88.503235950000018,22.557227019000003,6,29,15086.000000000000000
704,88.493235950000013,22.537227018999999,88.503235950000018,22.547227019000001,7,29,15040.000000000000000
705,88.493235950000013,22.527227019000001,88.503235950000018,22.537227019000003,8,29,15048.500000000000000
706,88.493235950000013,22.517227019000000,88.503235950000018,22.527227019000001,9,29,15056.500000000000000
707,88.493235950000013,22.507227018999998,88.503235950000018,22.517227019000000,10,29,15046.000000000000000
708,88.493235950000013,22.497227019000000,88.503235950000018,22.507227018999998,11,29,15063.500000000000000
709,88.493235950000013,22.487227018999999,88.503235950000018,22.497227019000000,12,29,15069.000000000000000
710,88.493235950000013,22.477227019000001,88.503235950000018,22.487227019000002,13,29,15064.000000000000000
711,88.493235950000013,22.467227018999999,88.503235950000018,22.477227019000001,14,29,15061.000000000000000
712,88.493235950000013,22.457227019000001,88.503235950000018,22.467227019000003,15,29,15056.000000000000000
713,88.493235950000013,22.447227019000000,88.503235950000018,22.457227019000001,16,29,15055.000000000000000
714,88.493235950000013,22.437227019000002,88.503235950000018,22.447227019000000,17,29,15060.000000000000000
715,88.493235950000013,22.427227019000000,88.503235950000018,22.437227019000002,18,29,15063.000000000000000
716,88.493235950000013,22.417227018999998,88.503235950000018,22.427227019000000,19,29,15073.500000000000000
717,88.493235950000013,22.407227019000000,88.503235950000018,22.417227019000006,20,29,15071.500000000000000
718,88.493235950000013,22.397227018999999,88.503235950000018,22.407227019000000,21,29,15073.000000000000000
719,88.493235950000013,22.387227019000001,88.503235950000018,22.397227019000002,22,29,15056.500000000000000
720,88.493235950000013,22.377227018999999,88.503235950000018,22.387227019000001,23,29,15048.500000000000000
721,88.503235950000004,22.607227019000000,88.513235950000009,22.617227019000001,0,30,
722,88.503235950000004,22.597227019000002,88.513235950000009,22.607227019000000,1,30,15122.500000000000000
723,88.503235950000004,22.587227019000000,88.513235950000009,22.597227019000002,2,30,15105.500000000000000
724,88.503235950000004,22.577227018999999,88.513235950000009,22.587227019000000,3,30,15108.000000000000000
725,88.503235950000004,22.567227019000001,88.513235950000009,22.577227019000006,4,30,15125.500000000000000
726,88.503235950000004,22.557227018999999,88.513235950000009,22.567227019000001,5,30,15128.500000000000000
727,88.503235950000004,22.547227019000001,88.513235950000009,22.557227019000003,6,30,15112.000000000000000
728,88.503235950000004,22.537227018999999,88.513235950000009,22.547227019000001,7,30,15058.500000000000000
729,88.503235950000004,22.527227019000001,88.513235950000009,22.537227019000003,8,30,15059.000000000000000
730,88.503235950000004,22.517227019000000,88.513235950000009,22.527227019000001,9,30,15076.500000000000000
731,88.503235950000004,22.507227018999998,88.513235950000009,22.517227019000000,10,30,15064.000000000000000
732,88.503235950000004,22.497227019000000,88.513235950000009,22.507227018999998,11,30,15084.000000000000000
733,88.503235950000004,22.487227018999999,88.513235950000009,22.497227019000000,12,30,15086.500000000000000
734,88.503235950000004,22.477227019000001,88.513235950000009,22.487227019000002,13,30,15062.000000000000000
735,88.503235950000004,22.467227018999999,88.513235950000009,22.477227019000001,14,30,15059.500000000000000
736,88.503235950000004,22.457227019000001,88.513235950000009,22.467227019000003,15,30,15054.500000000000000
737,88.503235950000004,22.447227019000000,88.513235950000009,22.457227019000001,16,30,15059.500000000000000
738,88.503235950000004,22.437227019000002,88.513235950000009,22.447227019000000,17,30,15057.500000000000000
739,88.503235950000004,22.427227019000000,88.513235950000009,22.437227019000002,18,30,15061.000000000000000
740,88.503235950000004,22.417227018999998,88.513235950000009,22.427227019000000,19,30,15073.000000000000000
741,88.503235950000004,22.407227019000000,88.513235950000009,22.417227019000006,20,30,15071.500000000000000
742,88.503235950000004,22.397227018999999,88.513235950000009,22.407227019000000,21,30,15072.000000000000000
743,88.503235950000004,22.387227019000001,88.513235950000009,22.397227019000002,22,30,15062.500000000000000
744,88.503235950000004,22.377227018999999,88.513235950000009,22.387227019000001,23,30,15046.500000000000000
745,88.513235950000009,22.607227019000000,88.523235950000014,22.617227019000001,0,31,
746,88.513235950000009,22.597227019000002,88.523235950000014,22.607227019000000,1,31,
747,88.513235950000009,22.587227019000000,88.523235950000014,22.597227019000002,2,31,
748,88.513235950000009,22.577227018999999,88.523235950000014,22.587227019000000,3,31,
749,88.513235950000009,22.567227019000001,88.523235950000014,22.577227019000006,4,31,
750,88.513235950000009,22.557227018999999,88.523235950000014,22.567227019000001,5,31,
751,88.513235950000009,22.547227019000001,88.523235950000014,22.557227019000003,6,31,
752,88.513235950000009,22.537227018999999,88.523235950000014,22.547227019000001,7,31,
753,88.513235950000009,22.527227019000001,88.523235950000014,22.537227019000003,8,31,
754,88.513235950000009,22.517227019000000,88.523235950000014,22.527227019000001,9,31,
755,88.513235950000009,22.507227018999998,88.523235950000014,22.517227019000000,10,31,
756,88.513235950000009,22.497227019000000,88.523235950000014,22.507227018999998,11,31,
757,88.513235950000009,22.487227018999999,88.523235950000014,22.497227019000000,12,31,
758,88.513235950000009,22.477227019000001,88.523235950000014,22.487227019000002,13,31,
759,88.513235950000009,22.467227018999999,88.523235950000014,22.477227019000001,14,31,
760,88.513235950000009,22.457227019000001,88.523235950000014,22.467227019000003,15,31,
761,88.513235950000009,22.447227019000000,88.523235950000014,22.457227019000001,16,31,
762,88.513235950000009,22.437227019000002,88.523235950000014,22.447227019000000,17,31,
763,88.513235950000009,22.427227019000000,88.523235950000014,22.437227019000002,18,31,
764,88.513235950000009,22.417227018999998,88.523235950000014,22.427227019000000,19,31,
765,88.513235950000009,22.407227019000000,88.523235950000014,22.417227019000006,20,31,
766,88.513235950000009,22.397227018999999,88.523235950000014,22.407227019000000,21,31,
767,88.513235950000009,22.387227019000001,88.523235950000014,22.397227019000002,22,31,
768,88.513235950000009,22.377227018999999,88.523235950000014,22.387227019000001,23,31,
769,88.523235950000000,22.607227019000000,88.533235950000005,22.617227019000001,0,32,
770,88.523235950000000,22.597227019000002,88.533235950000005,22.607227019000000,1,32,
771,88.523235950000000,22.587227019000000,88.533235950000005,22.597227019000002,2,32,
772,88.523235950000000,22.577227018999999,88.533235950000005,22.587227019000000,3,32,
773,88.523235950000000,22.567227019000001,88.533235950000005,22.577227019000006,4,32,
774,88.523235950000000,22.557227018999999,88.533235950000005,22.567227019000001,5,32,
775,88.523235950000000,22.547227019000001,88.533235950000005,22.557227019000003,6,32,
776,88.523235950000000,22.537227018999999,88.533235950000005,22.547227019000001,7,32,
777,88.523235950000000,22.527227019000001,88.533235950000005,22.537227019000003,8,32,
778,88.523235950000000,22.517227019000000,88.533235950000005,22.527227019000001,9,32,
779,88.523235950000000,22.507227018999998,88.533235950000005,22.517227019000000,10,32,
780,88.523235950000000,22.497227019000000,88.533235950000005,22.507227018999998,11,32,
781,88.523235950000000,22.487227018999999,88.533235950000005,22.497227019000000,12,32,
782,88.523235950000000,22.477227019000001,88.533235950000005,22.487227019000002,13,32,
783,88.523235950000000,22.467227018999999,88.533235950000005,22.477227019000001,14,32,
784,88.523235950000000,22.457227019000001,88.533235950000005,22.467227019000003,15,32,
785,88.523235950000000,22.447227019000000,88.533235950000005,22.457227019000001,16,32,
786,88.523235950000000,22.437227019000002,88.533235950000005,22.447227019000000,17,32,
787,88.523235950000000,22.427227019000000,88.533235950000005,22.437227019000002,18,32,
788,88.523235950000000,22.417227018999998,88.533235950000005,22.427227019000000,19,32,
789,88.523235950000000,22.407227019000000,88.533235950000005,22.417227019000006,20,32,
790,88.523235950000000,22.397227018999999,88.533235950000005,22.407227019000000,21,32,
791,88.523235950000000,22.387227019000001,88.533235950000005,22.397227019000002,22,32,
792,88.523235950000000,22.377227018999999,88.533235950000005,22.387227019000001,23,32,
793,88.533235950000005,22.607227019000000,88.543235950000010,22.617227019000001,0,33,
794,88.533235950000005,22.597227019000002,88.543235950000010,22.607227019000000,1,33,
795,88.533235950000005,22.587227019000000,88.543235950000010,22.597227019000002,2,33,
796,88.533235950000005,22.577227018999999,88.543235950000010,22.587227019000000,3,33,
797,88.533235950000005,22.567227019000001,88.543235950000010,22.577227019000006,4,33,
798,88.533235950000005,22.557227018999999,88.543235950000010,22.567227019000001,5,33,
799,88.533235950000005,22.547227019000001,88.543235950000010,22.557227019000003,6,33,
800,88.533235950000005,22.537227018999999,88.543235950000010,22.547227019000001,7,33,
801,88.533235950000005,22.527227019000001,88.543235950000010,22.537227019000003,8,33,
802,88.533235950000005,22.517227019000000,88.543235950000010,22.527227019000001,9,33,
803,88.533235950000005,22.507227018999998,88.543235950000010,22.517227019000000,10,33,
804,88.533235950000005,22.497227019000000,88.543235950000010,22.507227018999998,11,33,
805,88.533235950000005,22.487227018999999,88.543235950000010,22.497227019000000,12,33,
806,88.533235950000005,22.477227019000001,88.543235950000010,22.487227019000002,13,33,
807,88.533235950000005,22.467227018999999,88.543235950000010,22.477227019000001,14,33,
808,88.533235950000005,22.457227019000001,88.543235950000010,22.467227019000003,15,33,
809,88.533235950000005,22.447227019000000,88.543235950000010,22.457227019000001,16,33,
810,88.533235950000005,22.437227019000002,88.543235950000010,22.447227019000000,17,33,
811,88.533235950000005,22.427227019000000,88.543235950000010,22.437227019000002,18,33,
812,88.533235950000005,22.417227018999998,88.543235950000010,22.427227019000000,19,33,
813,88.533235950000005,22.407227019000000,88.543235950000010,22.417227019000006,20,33,
814,88.533235950000005,22.397227018999999,88.543235950000010,22.407227019000000,21,33,
815,88.533235950000005,22.387227019000001,88.543235950000010,22.397227019000002,22,33,
816,88.533235950000005,22.377227018999999,88.543235950000010,22.387227019000001,23,33,
817,88.543235950000010,22.607227019000000,88.553235950000015,22.617227019000001,0,34,
818,88.543235950000010,22.597227019000002,88.553235950000015,22.607227019000000,1,34,
819,88.543235950000010,22.587227019000000,88.553235950000015,22.597227019000002,2,34,
820,88.543235950000010,22.577227018999999,88.553235950000015,22.587227019000000,3,34,
821,88.543235950000010,22.567227019000001,88.553235950000015,22.577227019000006,4,34,
822,88.543235950000010,22.557227018999999,88.553235950000015,22.567227019000001,5,34,
823,88.543235950000010,22.547227019000001,88.553235950000015,22.557227019000003,6,34,
824,88.543235950000010,22.537227018999999,88.553235950000015,22.547227019000001,7,34,
825,88.543235950000010,22.527227019000001,88.553235950000015,22.537227019000003,8,34,
826,88.543235950000010,22.517227019000000,88.553235950000015,22.527227019000001,9,34,
827,88.543235950000010,22.507227018999998,88.553235950000015,22.517227019000000,10,34,
828,88.543235950000010,22.497227019000000,88.553235950000015,22.507227018999998,11,34,
829,88.543235950000010,22.487227018999999,88.553235950000015,22.497227019000000,12,34,
830,88.543235950000010,22.477227019000001,88.553235950000015,22.487227019000002,13,34,
831,88.543235950000010,22.467227018999999,88.553235950000015,22.477227019000001,14,34,
832,88.543235950000010,22.457227019000001,88.553235950000015,22.467227019000003,15,34,
833,88.543235950000010,22.447227019000000,88.553235950000015,22.457227019000001,16,34,
834,88.543235950000010,22.437227019000002,88.553235950000015,22.447227019000000,17,34,
835,88.543235950000010,22.427227019000000,88.553235950000015,22.437227019000002,18,34,
836,88.543235950000010,22.417227018999998,88.553235950000015,22.427227019000000,19,34,
837,88.543235950000010,22.407227019000000,88.553235950000015,22.417227019000006,20,34,
838,88.543235950000010,22.397227018999999,88.553235950000015,22.407227019000000,21,34,
839,88.543235950000010,22.387227019000001,88.553235950000015,22.397227019000002,22,34,
840,88.543235950000010,22.377227018999999,88.553235950000015,22.387227019000001,23,34,
841,88.553235950000001,22.607227019000000,88.563235950000006,22.617227019000001,0,35,
842,88.553235950000001,22.597227019000002,88.563235950000006,22.607227019000000,1,35,
843,88.553235950000001,22.587227019000000,88.563235950000006,22.597227019000002,2,35,
844,88.553235950000001,22.577227018999999,88.563235950000006,22.587227019000000,3,35,
845,88.553235950000001,22.567227019000001,88.563235950000006,22.577227019000006,4,35,
846,88.553235950000001,22.557227018999999,88.563235950000006,22.567227019000001,5,35,
847,88.553235950000001,22.547227019000001,88.563235950000006,22.557227019000003,6,35,
848,88.553235950000001,22.537227018999999,88.563235950000006,22.547227019000001,7,35,
849,88.553235950000001,22.527227019000001,88.563235950000006,22.537227019000003,8,35,
850,88.553235950000001,22.517227019000000,88.563235950000006,22.527227019000001,9,35,
851,88.553235950000001,22.507227018999998,88.563235950000006,22.517227019000000,10,35,
852,88.553235950000001,22.497227019000000,88.563235950000006,22.507227018999998,11,35,
853,88.553235950000001,22.487227018999999,88.563235950000006,22.497227019000000,12,35,
854,88.553235950000001,22.477227019000001,88.563235950000006,22.487227019000002,13,35,
855,88.553235950000001,22.467227018999999,88.563235950000006,22.477227019000001,14,35,
856,88.553235950000001,22.457227019000001,88.563235950000006,22.467227019000003,15,35,
857,88.553235950000001,22.447227019000000,88.563235950000006,22.457227019000001,16,35,
858,88.553235950000001,22.437227019000002,88.563235950000006,22.447227019000000,17,35,
859,88.553235950000001,22.427227019000000,88.563235950000006,22.437227019000002,18,35,
860,88.553235950000001,22.417227018999998,88.563235950000006,22.427227019000000,19,35,
861,88.553235950000001,22.407227019000000,88.563235950000006,22.417227019000006,20,35,
862,88.553235950000001,22.397227018999999,88.563235950000006,22.407227019000000,21,35,
863,88.553235950000001,22.387227019000001,88.563235950000006,22.397227019000002,22,35,
864,88.553235950000001,22.377227018999999,88.563235950000006,22.387227019000001,23,35,
